{"chunk_definitions":[{"chunk_id":"cyqwzoo03mphf","chunk_label":"unnamed-chunk-1","document_id":"591DF60D","expansion_state":0,"options":{"engine":"r","label":"unnamed-chunk-1"},"row":20,"row_count":1,"visible":true},{"chunk_id":"ct55peh8c10v7","chunk_label":"unnamed-chunk-7","document_id":"591DF60D","expansion_state":0,"options":{"engine":"r","label":"unnamed-chunk-10"},"row":271,"row_count":1,"visible":true},{"chunk_id":"cljyamqezls06","chunk_label":"unnamed-chunk-8","document_id":"591DF60D","expansion_state":0,"options":{"engine":"r","label":"unnamed-chunk-13"},"row":277,"row_count":1,"visible":true},{"chunk_id":"c6idnvvgnp3xy","chunk_label":"unnamed-chunk-13","document_id":"591DF60D","expansion_state":0,"options":{"engine":"r","label":"fig.show:hold"},"row":323,"row_count":1,"visible":true},{"chunk_id":"cxge57pr1sbam","chunk_label":"unnamed-chunk-14","document_id":"591DF60D","expansion_state":0,"options":{"engine":"r","label":"unnamed-chunk-7"},"row":339,"row_count":1,"visible":true},{"chunk_id":"ctl1yo0l6rjkc","chunk_label":"unnamed-chunk-15","document_id":"591DF60D","expansion_state":0,"options":{"engine":"r","label":"unnamed-chunk-16"},"row":349,"row_count":1,"visible":true},{"chunk_id":"c3bkeqm7sudkk","chunk_label":"unnamed-chunk-16","document_id":"591DF60D","expansion_state":0,"options":{"echo":false,"engine":"r","fig.height":8,"label":"unnamed-chunk-1"},"row":365,"row_count":1,"visible":true},{"chunk_id":"c2mtgz5z6x3ff","chunk_label":"unnamed-chunk-17","document_id":"591DF60D","expansion_state":0,"options":{"echo":false,"engine":"r","label":"unnamed-chunk-8","message":false},"row":427,"row_count":1,"visible":true},{"chunk_id":"chdf1qpk2fxkb","chunk_label":"unnamed-chunk-19","document_id":"591DF60D","expansion_state":0,"options":{"engine":"r","label":"unnamed-chunk-1"},"row":478,"row_count":1,"visible":true},{"chunk_id":"cj9wvpx8qpv4f","chunk_label":"unnamed-chunk-21","document_id":"591DF60D","expansion_state":0,"options":{"engine":"r","fig.height":5,"label":"unnamed-chunk-4"},"row":495,"row_count":1,"visible":true},{"chunk_id":"ciznfu8bd9a4o","chunk_label":"unnamed-chunk-22","document_id":"591DF60D","expansion_state":0,"options":{"engine":"r","label":"unnamed-chunk-1"},"row":504,"row_count":1,"visible":true},{"chunk_id":"cu6o2f44t9w1y","chunk_label":"unnamed-chunk-26","document_id":"591DF60D","expansion_state":0,"options":{"engine":"r","label":"unnamed-chunk-11"},"row":542,"row_count":1,"visible":true},{"chunk_id":"ccqgz8gkrjcrl","chunk_label":"unnamed-chunk-27","document_id":"591DF60D","expansion_state":0,"options":{"engine":"r","label":"unnamed-chunk-13"},"row":550,"row_count":1,"visible":true},{"chunk_id":"cyohr4g3pdw2v","chunk_label":"unnamed-chunk-28","document_id":"591DF60D","expansion_state":0,"options":{"engine":"r","label":"unnamed-chunk-15"},"row":558,"row_count":1,"visible":true},{"chunk_id":"c024u1pqwg6ya","chunk_label":"unnamed-chunk-29","document_id":"591DF60D","expansion_state":0,"options":{"engine":"r","label":"unnamed-chunk-18"},"row":567,"row_count":1,"visible":true}],"chunk_rendered_width":700,"doc_write_time":1492671000}