{"chunk_definitions":[{"chunk_id":"c9a4emjyzv30p","chunk_label":"unnamed-chunk-1","document_id":"A397D44C","expansion_state":0,"options":{"engine":"r","label":"unnamed-chunk-1"},"row":44,"row_count":1,"visible":true},{"chunk_id":"cr1p7ctv2q53i","chunk_label":"unnamed-chunk-2","document_id":"A397D44C","expansion_state":0,"options":{"engine":"r","label":"unnamed-chunk-3"},"row":57,"row_count":1,"visible":true},{"chunk_id":"clp5oxni20wi0","chunk_label":"unnamed-chunk-3","document_id":"A397D44C","expansion_state":0,"options":{"engine":"r","label":"unnamed-chunk-2"},"row":111,"row_count":1,"visible":true}],"doc_write_time":1492505826}