"0","options(digits = 0)"
"0","library(colorspace)"
"0","library(tidyverse)"
"2","Loading tidyverse: ggplot2
Loading tidyverse: tibble
Loading tidyverse: tidyr
Loading tidyverse: readr
Loading tidyverse: purrr
Loading tidyverse: dplyr
"
"2","Conflicts with tidy packages ----------------------------------------------------------
"
"2","filter(): dplyr, stats
lag():    dplyr, stats
"
"0","library(stringr)"
"0","preProcess_cn_ihiy <- function(filename){"
"0","  cn_ihiy <- read.csv(filename, header = T)"
"0","  cn_ihiy <- select(cn_ihiy,answer1.SubTrial.,answer2.SubTrial.,starts_with(""sound""))"
"0","  names(cn_ihiy)[1] <- ""answer"""
"0","  names(cn_ihiy)[2] <- ""rate"""
"0","  cn_ihiy$rate <- stringr::str_sub(cn_ihiy$rate, start = 2, end = -1)"
"0","  cn_ihiy <- unite(cn_ihiy, col = sound, sound111, sound112, sound113, sound114, sound115, sound121, sound122, sound123, sound124, sound125)"
"0","  cn_ihiy <- na.omit(cn_ihiy)"
"0","  cn_ihiy$sound <- str_extract(cn_ihiy$sound, pattern = ""F1_..-F2_.."")"
"0","  cn_ihiy <- separate(cn_ihiy, col = sound, into = c(""X"",""Y""), sep = ""-"")"
"0","  cn_ihiy$X <- as.numeric(str_replace(cn_ihiy$X, pattern = ""F1_"", replacement = """"))"
"0","  cn_ihiy$Y <- as.numeric(str_replace(cn_ihiy$Y, pattern = ""F2_"", replacement = """"))"
"0","  cn_ihiy <- na.omit(cn_ihiy)"
"0","  cn_ihiy[cn_ihiy == """"] <- NA"
"0","  return(cn_ihiy)"
"0","}"
"0","preProcess_ihiy <- function(filename){"
"0","  en_ihiy <- read.csv(filename, header = T)"
"0","  en_ihiy <- select(en_ihiy,answer1.SubTrial.,answer2.SubTrial.,starts_with(""sound""))"
"0","  names(en_ihiy)[1] <- ""answer"""
"0","  names(en_ihiy)[2] <- ""rate"""
"0","  en_ihiy$rate <- stringr::str_sub(en_ihiy$rate, start = 2, end = -1)"
"0","  en_ihiy <- unite(en_ihiy, col = sound, sound111, sound112, sound113, sound114, sound115, sound121, sound122, sound123, sound124, sound125)"
"0","  en_ihiy <- na.omit(en_ihiy)"
"0","  en_ihiy$sound <- str_extract(en_ihiy$sound, pattern = ""F1_..-F2_.."")"
"0","  en_ihiy <- separate(en_ihiy, col = sound, into = c(""X"",""Y""), sep = ""-"")"
"0","  en_ihiy$X <- as.numeric(str_replace(en_ihiy$X, pattern = ""F1_"", replacement = """"))"
"0","  en_ihiy$Y <- as.numeric(str_replace(en_ihiy$Y, pattern = ""F2_"", replacement = """"))"
"0","  en_ihiy <- na.omit(en_ihiy)"
"0","  return(en_ihiy)"
"0","}"
