"0","need_analysis <- ""heed"""
"0","mydata <- mydata_raw %>% "
"0","  filter(answer == need_analysis) "
"0","mydata$rate[!stringr::str_detect(mydata$rate, pattern = ""[12345]"")] <- NA"
"0","mydata <- na.omit(mydata)"
"0","mydata <- reshape2::dcast(mydata, X + Y ~ answer)"
"2","Using Y as value column: use value.var to override.
"
"2","Aggregation function missing: defaulting to length
"
"0","category <- mydata_raw %>% "
"0","  select(X,Y,answer) %>% "
"0","  reshape2::dcast(X + Y ~ answer)"
"2","Using answer as value column: use value.var to override.
"
"2","Aggregation function missing: defaulting to length
"
"0","mydata %>% "
"0","  filter(heed >= 5) -> mydata_above"
"0","mydata_above <- cbind(mydata_above,1)"
"0","names(mydata_above)[4] <- ""mark"""
"0","# mydata_rate <- select(mydata, contains(""heed""))"
"0","# mydata_name <- select(mydata, contains(""heed"")) %>% "
"0","#   names()"
"0","# rating_value <- unlist(stringr::str_split(mydata_name, pattern = ""_""))"
"0","# rating_value <- as.numeric(rating_value[str_detect(rating_value, pattern = ""[12345]"")])"
"0","#   "
"0","# mean_rate <- vector()"
"0","# for(i in 1 : nrow(mydata_rate)){"
"0","#   mean_rate[i] <- sum((mydata_rate[i,][mydata_rate[i,] != 0])*(rating_value[mydata_rate[i,] != 0]))"
"0","# }"
"0","# "
"0","# mean_rate <- round(mean_rate, digits = 0)"
"0","# mydata <- cbind(mydata, mean_rate)"
"0","# mydata <- na.omit(mydata)"
"0","# "
"0","# #标记选择次数最多的坐标"
"0","# mydata %>% "
"0","#   filter(mean_rate == max(mean_rate)) -> max_co"
"0","# max_co"
"0","# max_co <- cbind(max_co, 1)"
"0","# names(max_co)[names(max_co) == 1] <- ""MAX"""
"0","test <- left_join(mydata, mydata_above)"
"2","Joining, by = c(""X"", ""Y"", ""heed"")
"
"0","#绘图"
"0","p <- ggplot(test, aes(x = X, y = Y)) + geom_tile(colour = ""grey50"",fill = ""white"") + geom_tile(aes(fill = mark)) + geom_text(aes(label = mean_rate), size = 3) + theme_bw() + scale_fill_continuous(low = ""#F8F8FF"", high = ""#FFFF00"") + coord_equal(ratio = 1) + xlim(0,17) + ylim(0,20) + theme(panel.grid = element_blank())"
"0","print(p)"
