"0","layout_map <- function(ncol = NA, nrow = NA, ch_start = 1, probe_start = 1, save_filename = ""layout.png""){"
"0","  "
"0","  if (!require(tidyverse)){"
"0","    install.packages(tidyverse)"
"0","  }"
"0","  map_col <- 2*ncol - 1"
"0","  map_row <- 2*nrow - 1"
"0","  map_data <- data.frame(matrix(0, ncol = 4, nrow = map_col * map_row))"
"0","  names(map_data) <- c(""X"", ""Y"", ""Num"", ""color"")"
"0","  map_data$X <- rep(1:map_col, map_row)"
"0","  map_data$Y <- sort(rep(map_row:1, map_col), decreasing = T)"
"0","  "
"0","  start_from <- probe_start"
"0","  num <- start_from : ((((map_col * map_row) - 1 )/ 2) + (start_from - 1))"
"0","  for(i in 1 : length(num)){"
"0","    map_data$Num[2*i] <- num[i]"
"0","  }"
"0","  map_data$Num[map_data$Num == 0] <- NA"
"0","  map_data$color[map_data$color == 0] <- NA"
"0","  color_map <- map_data %>%"
"0","    filter(Y %% 2 == 1, X %% 2 == 1) %>%"
"0","    select(X, Y, color)"
"0","  if(nrow(color_map) %% 2 == 0){"
"0","    color_map$color <- c(""red"", ""blue"")"
"0","    }else{"
"0","    color_map$color[-nrow(color_map)] <- c(""red"", ""blue"")"
"0","    color_map$color[nrow(color_map)] <- ""red"""
"0","  }"
"0","  map_data <- left_join(map_data[-4], color_map, by = c(""X"",""Y"")) %>%"
"0","    mutate(probe = color)"
"0","  map_data$probe[which(map_data$probe == ""red"")] <- c(1 : 100)[1 : length(which(map_data$probe == ""red""))]"
"0","  map_data$probe[which(map_data$probe == ""blue"")] <- c(1 : 100)[1 : length(which(map_data$probe == ""blue""))]"
"0","  "
"0","ggplot(map_data, aes(x = X, y = Y)) + "
"0","    geom_tile(aes(fill = color)) + "
"0","    scale_fill_identity(c(""red"" = ""red"", ""blue"" = ""blue"")) + "
"0","    coord_equal(ratio = 1) + "
"0","    geom_text(aes(label = Num)) + "
"0","    geom_text(aes(label = probe), color = ""white"", size = 6) +"
"0","    theme_bw() + "
"0","    theme(axis.line = element_blank(),"
"0","          panel.grid.major = element_blank(),"
"0","          panel.grid.minor = element_blank(),"
"0","          panel.border = element_blank(),"
"0","          panel.background = element_blank(),"
"0","          axis.text = element_blank(),"
"0","          axis.title = element_blank(),"
"0","          axis.ticks = element_blank()) "
"0","}"
"0","layout_map(5,3)"
